sample_id,clause_id,bucket,mechanism_type,mechanism_source,raw_value_top,auto_pass,indep_pass,auto_hint,indep_hint,indep_raw_numeric,clause_text_preview
16,58ad7cd309406e184ce7e6d21004def570eec462e6489ea11bebbe2d7b469ea4#clause_0000,rule_highconf,subsidy,rule_context_neighbor,2024-09,False,True,False,False,True,"<h2>file:《永春县设施农业温室大棚政策》.txt</h2>
 2024-09-11 	《永春县设施农业温室大棚政策》	起补面积：类温室大棚的起补面积分别为智能温室2亩、智能温控大棚一10亩、智能温控大棚二10亩、温室大棚一20亩、温室大棚二20亩、温室大棚三20亩。"
17,c32ed07b1f8848d45dcf196616c7064ebdf5a10f0ce328b277c662ee5197f29b#clause_0004,rule_highconf,subsidy,rule_context_neighbor,不低于1,False,True,False,False,True,统筹考虑不同领域特点，降低超长期特别国债资金申报门槛，不再设置“项目总投资不低于1亿元”要求，支持中小企业设备更新。
18,a841fd40884f65693f42fff950340f5c6e1dbdd734f6cb20bc5e15c9bbf474ec#clause_0003,rule_highconf,technology_route,rule_context_neighbor,40,False,True,False,False,True,（含自有及租赁船舶）的40％具备受电设施。
19,7e1dff3ee78977bc7e5f87b686fc7b8ccf4f78bd15144d2fd3f7c60c48ec3209#clause_0005,rule_highconf,tou_pricing,rule_context_neighbor,30,False,True,False,True,True,新能源电价浮动在高峰时段上浮30%，低谷时段下浮30%。对于特定时期
20,693f3a55fe86330e400962dd0b43476d41023ad39e89f0254b4f9e2651efaca2#clause_0005,rule_highconf,subsidy,rule_numeric_keyword,15,False,True,False,True,True,对城乡“低保户”和农村“五保户”家庭每户每月免费15度电，以“先征后返”方式进行结算，免费金额统一为每月每户7.84元。
25,d6295fc6d120b2f270803869f63327efa8f7e3ea98515eb80da25abd977ff9f6#clause_0000,rule_highconf,task_assessment,rule_pattern,2018-06,False,True,False,True,True,"2018-06-25 《中共中央国务院关于全面加强生态环境保护坚决打好污染防治攻坚战的意见》
到2020年，生态环境质量总体改善，主要污染物排放总量大幅减少，环境风险得到有效管控，生态环境保护水平同全面建成小康社会目标相适应。"
29,13677b49d0d053be96bfcd32cd36eeba7c68f125c6f32cc220322ba98c178bf4#clause_0000,rule_highconf,task_assessment,rule_pattern,2018-06,False,True,False,True,True,"2018-06-24 《关于全面加强生态环境保护坚决打好污染防治攻坚战的实施意见》
总体目标。"
40,caf6cea05c2383ef47c5578fbf1392dfbf0ec0b4fbdc53de67e6f1d3bd2062fc#clause_0002,rule_highconf,tou_pricing,rule_pattern,50,False,True,False,True,True,高峰电价在平段电价基础上上浮50%，低谷电价在平段电价基础上下浮50%。
