sample_id,clause_id,source_path,mechanism_type,mechanism_source,source_bucket,clause_type,raw_value_top,raw_unit_top,auto_mechanism_hint_hit,auto_raw_numeric_hit,auto_raw_span_valid_any,auto_semantic_pass,human_label,human_note,clause_text
1,eb659fbcd99dcc85f2745f39faae903578c8a5403a504ed63c81c4ca3987afc3#clause_0002,02_电能替代与清洁取暖/01_政策文本/《关于推进长江经济带绿色航运发展的指导意见》.txt,tou_pricing,fallback_clause_type_lowconf,lowconf_fallback,time_rule,65,%,False,True,True,False,,,长三角水域船舶硫氧化物、氮氧化物、颗粒物与2015年相比分别下降65%、20%、30%；
2,6f9a79ca6ab68dff997de40cec9fa31a0ad47f72ebb25df3a8cb34671432ecce#clause_0001,02_电能替代与清洁取暖/01_政策文本/《浙江省人民政府办公厅关于印发浙江省培育发展战略性新兴产业行动计划（2017-2020年）的通知》.txt,tou_pricing,fallback_clause_type_lowconf,lowconf_fallback,time_rule,2017-2020,,False,True,True,False,,,"2017年9月18日     《浙江省人民政府办公厅关于印发浙江省培育发展战略性新兴产业行动计划（2017-2020年）的通知》
推动智能安防、智能汽车、智能机器人、智能制造、智能家居等重点领域智能终端产品创新。"
3,13677b49d0d053be96bfcd32cd36eeba7c68f125c6f32cc220322ba98c178bf4#clause_0005,02_电能替代与清洁取暖/01_政策文本/《关于全面加强生态环境保护坚决打好污染防治攻坚战的实施意见》.txt,tou_pricing,fallback_clause_type_lowconf,lowconf_fallback,time_rule,氨氮排放量,氮氧化物排放量,False,True,True,False,,,二氧化硫、氮氧化物排放量比2015年减少15%以上，化学需氧量、氨氮排放量减少10%以上；
4,d6295fc6d120b2f270803869f63327efa8f7e3ea98515eb80da25abd977ff9f6#clause_0004,02_电能替代与清洁取暖/01_政策文本/《中共中央国务院关于全面加强生态环境保护坚决打好污染防治攻坚战的意见》.txt,tou_pricing,fallback_clause_type_lowconf,lowconf_fallback,time_rule,氨氮排放量,氮氧化物排放量,False,True,True,False,,,二氧化硫、氮氧化物排放量比2015年减少15%以上，化学需氧量、氨氮排放量减少10%以上；
5,cabe05c4dbda50ec49c95f7660116adc6893472b4c0d161d06711a5647f6c00f#clause_0001,02_电能替代与清洁取暖/02_汇总拼接/电气化、电能替代txt文件_uni4.txt#chunk_29,tou_pricing,fallback_clause_type_lowconf,lowconf_fallback,time_rule,PM2.5,PM2.5,False,True,True,False,,,PM2.5未达标地级及以上城市浓度比2015年下降18%以上，地级及以上城市空气质量优良天数比率达到80%，重度及以上污染天数比率比2015年下降25%以上；
6,ebba22b0a7b7a9a06ccf6dfbe862a330eb615359451c4ccb8bff79fd2d9bd1ad#clause_0003,02_电能替代与清洁取暖/02_汇总拼接/电气化、电能替代txt文件_uni2.txt#chunk_38,tou_pricing,rule_context_neighbor_lowconf,lowconf_fallback,other,70,%,False,True,True,False,,,近岸海域水质优良（一、二类）比例达到70%左右；
7,59fb420eead4837faf2f90b58927c9c874cd61e9cfbcb91d127cfeeb50f5be76#clause_0003,02_电能替代与清洁取暖/02_汇总拼接/电气化、电能替代txt文件_uni4.txt#chunk_18,tou_pricing,fallback_clause_type_lowconf,lowconf_fallback,time_rule,氨氮排放量,氮氧化物排放量,False,True,True,False,,,二氧化硫、氮氧化物排放量比2015年减少15%以上，化学需氧量、氨氮排放量减少10%以上；
8,eb659fbcd99dcc85f2745f39faae903578c8a5403a504ed63c81c4ca3987afc3#clause_0007,02_电能替代与清洁取暖/01_政策文本/《关于推进长江经济带绿色航运发展的指导意见》.txt,tou_pricing,fallback_clause_type_lowconf,lowconf_fallback,time_rule,6,%,False,True,True,False,,,"营运船舶单位运输周转量能耗和港口生产单位吞吐量综合能耗在2015年基础上分别下降6%、2%。
运输组织效率明显提升。"
9,14ff64663f6352e48a5e96ee650834de2a8dc3d6874654703bb0323b5ff7b232#clause_0000,02_电能替代与清洁取暖/01_政策文本/《推动汽车、家电、消费电子产品更新消费促进循环经济发展实施方案（2019-2020 年）（征求意见稿）》意见的函.txt,tou_pricing,fallback_clause_type_lowconf,lowconf_fallback,time_rule,2019-2020,,False,True,True,False,,,2019年4月17日   《推动汽车、家电、消费电子产品更新消费促进循环经济发展实施方案（2019-2020 年）
10,53fc822864624a590cef5b5fa21ff00698716adde9cef0962459c0216e2b8855#clause_0020,02_电能替代与清洁取暖/01_政策文本/中共中央 国务院印发《长江三角洲区域一体化发展规划纲要》.txt,tou_pricing,fallback_clause_type_lowconf,lowconf_fallback,time_rule,80,%,False,True,True,False,,,"到2025年，细颗粒物（PM2.5）平均浓度总体达标，地级及以上城市空气质量优良天数比率达到80%以上，跨界河流断面水质达标率达到80%，单位GDP能耗较2017年下降10%。
公共服务便利共享水平明显提高。"
11,9c3afee7cca39cb92c7272cf554cc02fdb162ec89bc92c98f6324cf2bb423c92#clause_0002,01_电价政策/02_阶梯与差别电价/2021年4月29日 广东省发展改革委关于居民阶梯电价“一户多人口”政策有关事项.txt,general_price_adjustment,rule_context_neighbor_lowconf,lowconf_fallback,execution_rule,不超过两,,False,True,True,False,,,每户居民只能在一个地址申请，政策有效期原则上不超过两年，期满需及时续申，否则将停止执行。
12,88741f01ecfe3abf37bb1d0d44c17bad4304be617de9deefdeb893a60fd9290e#clause_0012,02_电能替代与清洁取暖/01_政策文本/中共中央 国务院关于加快经济社会发展全面绿色转型的意见.txt,tou_pricing,fallback_clause_type_lowconf,lowconf_fallback,time_rule,9.5,%,False,True,True,False,,,到2030年，营运交通工具单位换算周转量碳排放强度比2020年下降9.5%左右。
13,e5086c754f7ebfd84a885046912ad75054fcb20a8134c99886138a57a5d80ab7#clause_0001,02_电能替代与清洁取暖/02_汇总拼接/电气化、电能替代txt文件_uni1.txt#chunk_20,tou_pricing,rule_context_neighbor_lowconf,lowconf_fallback,table_row_clause,3,万元,False,True,True,False,,,2023年6月19日	《关于延续和优化新能源汽车车辆购置税减免政策的公告》	一、对购置日期在2024年1月1日至2025年12月31日期间的新能源汽车免征车辆购置税，其中，每辆新能源乘用车免税额不超过3万元；对购置日期在2026年1月1日至2027年12月31日期间的新能源汽车减半征收车辆购置税，其中，每辆新能源乘用车减税额不超过1.5万元。
14,4978300e5965b0d812a67eb9a07c584011b661c940c300faf4990fb8586e3a13#clause_0002,02_电能替代与清洁取暖/02_汇总拼接/电气化、电能替代txt文件_uni1.txt#chunk_38,tou_pricing,rule_context_neighbor_lowconf,lowconf_fallback,other,70,%,False,True,True,False,,,全国地表水Ⅰ－Ⅲ类水体比例达到70%以上，劣Ⅴ类水体比例控制在5%以内；
15,53fc822864624a590cef5b5fa21ff00698716adde9cef0962459c0216e2b8855#clause_0009,02_电能替代与清洁取暖/01_政策文本/中共中央 国务院印发《长江三角洲区域一体化发展规划纲要》.txt,tou_pricing,fallback_clause_type_lowconf,lowconf_fallback,time_rule,70,%,False,True,True,False,,,"到2025年，中心区城乡居民收入差距控制在2.2∶1以内，中心区人均GDP与全域人均GDP差距缩小到1.2∶1，常住人口城镇化率达到70%。
科创产业融合发展体系基本建立。"
16,58ad7cd309406e184ce7e6d21004def570eec462e6489ea11bebbe2d7b469ea4#clause_0000,02_电能替代与清洁取暖/02_汇总拼接/电气化、电能替代txt文件_uni0.txt#chunk_9,subsidy,rule_context_neighbor,rule_context_neighbor,other,2024-09,,False,True,True,False,,,"<h2>file:《永春县设施农业温室大棚政策》.txt</h2>
 2024-09-11 	《永春县设施农业温室大棚政策》	起补面积：类温室大棚的起补面积分别为智能温室2亩、智能温控大棚一10亩、智能温控大棚二10亩、温室大棚一20亩、温室大棚二20亩、温室大棚三20亩。"
17,c32ed07b1f8848d45dcf196616c7064ebdf5a10f0ce328b277c662ee5197f29b#clause_0004,02_电能替代与清洁取暖/01_政策文本/关于加力支持大规模设备更新和消费品以旧换新的若干措施.txt,subsidy,rule_context_neighbor,rule_context_neighbor,other,不低于1,,False,True,True,False,,,统筹考虑不同领域特点，降低超长期特别国债资金申报门槛，不再设置“项目总投资不低于1亿元”要求，支持中小企业设备更新。
18,a841fd40884f65693f42fff950340f5c6e1dbdd734f6cb20bc5e15c9bbf474ec#clause_0003,02_电能替代与清洁取暖/01_政策文本/《关于示范推进国际航线集装箱船舶和邮轮靠港使用岸电.txt,technology_route,rule_context_neighbor,rule_context_neighbor,other,40,％,False,True,True,False,,,（含自有及租赁船舶）的40％具备受电设施。
19,7e1dff3ee78977bc7e5f87b686fc7b8ccf4f78bd15144d2fd3f7c60c48ec3209#clause_0005,01_电价政策/01_分时电价/2024年7月5日 宁夏回族自治区发展改革委关于公开征求《关于完善工商业分时电价.txt,tou_pricing,rule_context_neighbor,rule_context_neighbor,time_rule,30,%,False,True,True,False,,,新能源电价浮动在高峰时段上浮30%，低谷时段下浮30%。对于特定时期
20,693f3a55fe86330e400962dd0b43476d41023ad39e89f0254b4f9e2651efaca2#clause_0005,01_电价政策/02_阶梯与差别电价/2021年6月21日 四川省发展和改革委员会关于调整四川电网居民生活用电阶梯电价.txt,subsidy,rule_numeric_keyword,rule_numeric_keyword,other,15,度,False,True,True,False,,,对城乡“低保户”和农村“五保户”家庭每户每月免费15度电，以“先征后返”方式进行结算，免费金额统一为每月每户7.84元。
21,cc7addf8ff4efe3409afac8915cc6b8df3283617d08af2da6658e58933736301#clause_0002,01_电价政策/01_分时电价/2022年12月16日 上海市发展和改革委员会关于进一步完善我市分时电价机制有关.txt,tou_pricing,rule_numeric_keyword,rule_numeric_keyword,other,8:00-11:00,时段,True,True,True,True,,,其他月份8:00-11:00、18:00-21:00）、平时（夏季6:00-8:00、15:00-18:00、21:00-22:00；
22,17b169c01d0fd11691f3014066bc982e9d5aae3ef301b3d897d2a4b986dac45b#clause_0013,02_电能替代与清洁取暖/02_汇总拼接/电气化、电能替代txt文件_uni4.txt#chunk_5,subsidy,rule_pattern,rule_pattern,subsidy_rule,2400,元,True,True,True,True,,,每个采暖期每户补贴燃气费用最高不超过2400元，市、县两级政府按1:1的比例分担。
23,ad67c3fdaa5a26925e5e3474443bab3a8b1737e94937ccbe115cabd74e2fc9a0#clause_0004,01_电价政策/02_阶梯与差别电价/2012年6月15日 北京市发展和改革委员会关于北京市居民生活用电试行阶梯电价的.txt,subsidy,rule_pattern,rule_pattern,subsidy_rule,15,千瓦时,True,True,True,True,,,城乡“低保户”和农村“五保户”享受每月15千瓦时的免费电量补贴。
24,ad8d0971d97051367bf7e78a6885dd89b83772d35f94aaff8c56c77398caa167#clause_0007,02_电能替代与清洁取暖/02_汇总拼接/电气化、电能替代txt文件_uni4.txt#chunk_38,subsidy,rule_pattern,rule_pattern,subsidy_rule,600,元,True,True,True,True,,,每个采暖期按照最高600元/户进行补贴，原则上补贴资金由中央、市、区（市）按照1:1:1的比例分担。
25,d6295fc6d120b2f270803869f63327efa8f7e3ea98515eb80da25abd977ff9f6#clause_0000,02_电能替代与清洁取暖/01_政策文本/《中共中央国务院关于全面加强生态环境保护坚决打好污染防治攻坚战的意见》.txt,task_assessment,rule_pattern,rule_pattern,task_assessment,2018-06,,False,True,True,False,,,"2018-06-25 《中共中央国务院关于全面加强生态环境保护坚决打好污染防治攻坚战的意见》
到2020年，生态环境质量总体改善，主要污染物排放总量大幅减少，环境风险得到有效管控，生态环境保护水平同全面建成小康社会目标相适应。"
26,4d9e424e89d20d90f83d0086d46ae685d20198da6a5b716333623c8288b3d66e#clause_0004,01_电价政策/01_分时电价/2021年11月23日 陕西省发展和改革委员会关于进一步完善分时电价机制有关事项.txt,tou_pricing,rule_pattern_ext,rule_pattern,time_rule,20,%,True,True,True,True,,,（冬季），在这些时段的电价在峰段基础上上浮20%。
27,693f3a55fe86330e400962dd0b43476d41023ad39e89f0254b4f9e2651efaca2#clause_0003,01_电价政策/02_阶梯与差别电价/2021年6月21日 四川省发展和改革委员会关于调整四川电网居民生活用电阶梯电价.txt,tiered_pricing,rule_pattern,rule_pattern,pricing_rule,280,度,True,True,True,True,,,高于280度部分电价在第一档基础上每度加价0.3元，为0.8224元/度。
28,c32ed07b1f8848d45dcf196616c7064ebdf5a10f0ce328b277c662ee5197f29b#clause_0008,02_电能替代与清洁取暖/01_政策文本/关于加力支持大规模设备更新和消费品以旧换新的若干措施.txt,subsidy,rule_pattern,rule_pattern,subsidy_rule,3200,元,True,True,True,True,,,在报废基础上更新为燃油动力船舶或新能源清洁能源船舶的，根据不同船舶类型按1500—3200元/总吨予以补贴；
29,13677b49d0d053be96bfcd32cd36eeba7c68f125c6f32cc220322ba98c178bf4#clause_0000,02_电能替代与清洁取暖/01_政策文本/《关于全面加强生态环境保护坚决打好污染防治攻坚战的实施意见》.txt,task_assessment,rule_pattern,rule_pattern,task_assessment,2018-06,,False,True,True,False,,,"2018-06-24 《关于全面加强生态环境保护坚决打好污染防治攻坚战的实施意见》
总体目标。"
30,856652d4d7364977a05a7a183b892b5d146cb65bbc1a45dd030bcf53c76f25b3#clause_0003,01_电价政策/02_阶梯与差别电价/2024年3月28日 陕西省物价局关于居民生活用电试行阶梯电价有关问题的通知.txt,tiered_pricing,rule_pattern,rule_pattern,other,电量,电量,True,True,True,True,,,第三档电量为351千瓦时及以上，价格在第一档基础上每千瓦时提高0.3元。
31,ee74d273b781a2f2d3b7cdfadfe4c9a63e6e423f10874fba1e3c84a0a1f35295#clause_0004,01_电价政策/02_阶梯与差别电价/2024年1月8日 湖南省发展改革委员会关于进一步完善居民阶梯电价制度的通知.txt,tiered_pricing,rule_pattern,rule_pattern,scope_rule,100,千瓦时,True,True,True,True,,,“一户多人口”用户每增加一人，第一档电量基数增加100千瓦时。
32,7b751605b49132dd141591500721a0a0aeef9413b412efd887a6985a4ada323a#clause_0000,02_电能替代与清洁取暖/02_汇总拼接/电气化、电能替代txt文件_uni1.txt#chunk_17,task_assessment,rule_pattern,rule_pattern,time_rule,2023-2025,,True,True,True,True,,,"<h2>file:《关于示范推进国际航线集装箱船舶和邮轮靠港使用岸电.txt</h2>
2023年9月1日	《关于示范推进国际航线集装箱船舶和邮轮靠港使用岸电行动方案（2023-2025年）》	船舶受电设施安装率方面，到2024年底，国际邮轮公司在具备岸电供应能力的邮轮港口靠泊的邮轮具备受电设施。"
33,b5738e1db12f50b7e6a3416bacdba11f06c5373d2cb3d80d31a90bdf09b3ddb1#clause_0002,01_电价政策/01_分时电价/2024年3月27日 湖北省发展改革委关于完善工商业分时电价机制有关事项的通知.txt,tou_pricing,rule_pattern_ext,rule_pattern,time_rule,16:00-20:00,时段,True,True,True,True,,,高峰时段为7月、8月16:00-20:00和22:00-24:00，其他月份16:00-18:00和20:00-24:00；
34,bd51cc43b481bc63bc7d269674f0a2f4518f280c59a782356bbaab35e7c9725c#clause_0003,01_电价政策/02_阶梯与差别电价/2021年10月12日 新疆维吾尔自治区发展和改革委员会关于完善我区电解铝行业阶.txt,general_price_adjustment,rule_pattern_ext,rule_pattern,pricing_rule,1,%,True,True,True,True,,,同时，鼓励企业提高清洁能源使用水平，减少化石能源消耗，非水可再生能源占比每增加1%，加价标准相应降低1%
35,9b573a30294f2b87e5bc8a1733dc8154869687fb42b7fbcbc23dc1cf3c74f11b#clause_0002,02_电能替代与清洁取暖/02_汇总拼接/电气化、电能替代txt文件_uni4.txt#chunk_44,subsidy,rule_pattern,rule_pattern,subsidy_rule,用气量,元,True,True,True,True,,,"（协议）承诺书的城乡居民，在首个供暖季结束后,依据采暖期天然气购气缴费凭证，按照1元/立方米的标准一次性补贴用户,每户最高补贴1000元,用气量不足1000立方米的根据实际使用量补贴。"
36,ee74d273b781a2f2d3b7cdfadfe4c9a63e6e423f10874fba1e3c84a0a1f35295#clause_0001,01_电价政策/02_阶梯与差别电价/2024年1月8日 湖南省发展改革委员会关于进一步完善居民阶梯电价制度的通知.txt,tiered_pricing,rule_pattern,rule_pattern,other,电量,电量,True,True,True,True,,,冬夏季第一档电量200千瓦时及以下，第二档为200-450千瓦时，第三档为450千瓦时以上。
37,438c0392b9db32d7f7e7063819ff233da3aefc768abccbae0d8cebcf58748a29#clause_0001,02_电能替代与清洁取暖/02_汇总拼接/电气化、电能替代txt文件_uni1.txt#chunk_1,subsidy,rule_pattern,rule_pattern,table_row_clause,600,元,True,True,True,True,,,"2024年12月18日	《2024-2025年咸阳市采暖季清洁取暖运行补贴政策》	""补贴标准600元/户/采暖季，每户根据不同取暖方式只能享受一种清洁取暖方式运行补贴。中央和省级财政承担240元/户/采暖季，市级财政承担180元/户/采暖季，各县市区财政承担不低于180元/户/采暖季，也可结合各自财力情况和运行情况适度提高补贴标准。"
38,509a0ad904c063d5cf05fca6cbf14e771fafd94288045c9c2d767dc19ec43ab5#clause_0003,01_电价政策/03_综合与其他/2020年10月19日 内蒙古自治区发展和改革委员会关于进一步完善蒙西地区“煤改.txt,tiered_pricing,rule_pattern,rule_pattern,time_rule,0.03,元,True,True,True,True,,,针对农村牧区、城镇及城市周边区域燃煤散烧治理的“煤改电”及自建电采暖居民用户，峰时段电价在居民阶梯电价第一档基础上每千瓦时加价由0.03元调整为0.05元，谷时段电价在第一档基础上每千瓦时降价由0.13元调整为0.25元。
39,6ca5d9d44b93a3440cc8f24b4feda441563e6841021017b2c5db628a6976c9f5#clause_0021,02_电能替代与清洁取暖/02_汇总拼接/电气化、电能替代txt文件_uni1.txt#chunk_28,subsidy,rule_pattern,rule_pattern,subsidy_rule,500,户,True,True,True,True,,,（2）村级公益性活动场所村级公益性活动场所取暖“煤改电”改造费用，按照上一年度区统计局统计年报的村庄户数实行定额补贴，500户以下、500户以上
40,caf6cea05c2383ef47c5578fbf1392dfbf0ec0b4fbdc53de67e6f1d3bd2062fc#clause_0002,01_电价政策/01_分时电价/2023年7月31日 广西壮族自治区发展和改革委员会关于优化峰谷分时电价机制的通.txt,tou_pricing,rule_pattern,rule_pattern,pricing_rule,50,%,False,True,True,False,,,高峰电价在平段电价基础上上浮50%，低谷电价在平段电价基础上下浮50%。
41,bd9a5debe3e285290408196ff9a61cc7d1acd325eab100746bcd7562b196b7dd#clause_0002,02_电能替代与清洁取暖/02_汇总拼接/电气化、电能替代txt文件_uni4.txt#chunk_1,subsidy,rule_pattern,rule_pattern,subsidy_rule,240,元,True,True,True,True,,,中央和省级财政承担240元/户/采暖季，市级财政承担180元/户/采暖季，各县市区财政承担不低于180元/户/采暖季，也可结合各自财力情况和运行情况适度提高补贴标准。
42,6ca5d9d44b93a3440cc8f24b4feda441563e6841021017b2c5db628a6976c9f5#clause_0013,02_电能替代与清洁取暖/02_汇总拼接/电气化、电能替代txt文件_uni1.txt#chunk_28,subsidy,rule_pattern,rule_pattern,subsidy_rule,80,%,True,True,True,True,,,空气源热泵热风机：按照设备购置费用80%的标准给予补贴，最高不超过24000元。
43,d31910273230458d2a8e0c7c623aa0f1c45d59d48f0dc7cad99ecb0902267b5d#clause_0002,02_电能替代与清洁取暖/02_汇总拼接/电气化、电能替代txt文件_uni4.txt#chunk_4,subsidy,rule_pattern,rule_pattern,subsidy_rule,4600,元,True,True,True,True,,,（含表后线路改造）费用，实行一次补贴，按照4600元/户的标准补贴至用户，市、县（市、区）按照2：3比例分担，不足部分由用户承担。
44,68cf8b47055553fd101877102c4de7301c148b4dfe2101a20a960809ffb02d3e#clause_0004,02_电能替代与清洁取暖/02_汇总拼接/电气化、电能替代txt文件_uni2.txt#chunk_37,subsidy,rule_pattern,rule_pattern,subsidy_rule,350,元,True,True,True,True,,,（包括无卷帘设备）提升改造为智能化或电动化卷帘设备，补贴标准按不高于350元/台
45,0ae95f60cf40ef3dbcc874d7e32a0ed5a3d91c7d587ec5cae592c8064a14b8f8#clause_0009,02_电能替代与清洁取暖/01_政策文本/关于完善新能源汽车推广应用财政补贴政策的通知.txt,subsidy,rule_pattern,rule_pattern,subsidy_rule,30,万元,True,True,True,True,,,补贴政策结束后，对未达到清算车辆数量要求的企业，将安排最终清算。新能源乘用车补贴前售价须在30万元以下
46,500387f290ce2730e02ebddb6bdb2aa6dffc22df78c335ed7937fd7225fa2d31#clause_0001,01_电价政策/01_分时电价/2023年6月27日 贵州省发展和改革委员会关于完善峰谷分时电价机制有关事项的通.txt,tou_pricing,rule_pattern_ext,rule_pattern,time_rule,15:00-17:00,时段,True,True,True,True,,,调整后的高峰时段为夏季15:00-17:00、冬季19:00-21:00，平时段为8:00-10:00、13:00-17:00、22:00-00:00，低谷时段为00:00-8:00。
47,ffc68a35eb1e5ce2437cbe847fb6902e01371194247d63f6245170f1a6d8442f#clause_0001,01_电价政策/02_阶梯与差别电价/2016年8月26日 贵州省发展改革委关于进一步完善我省居民阶梯电价政策有关事项.txt,tiered_pricing,rule_pattern,rule_pattern,other,电量,电量,True,True,True,True,,,调整后，第一档电量为3000千瓦时以内；
48,cb0c5b8b05cfdf3cf5e27c0081d86b7f45c5f12b09a9fa3f2da332bc102a849b#clause_0001,01_电价政策/01_分时电价/2021年11月4日 湖南省发展改革委关于进一步完善分时电价政策及有关事项的通知.txt,tou_pricing,rule_pattern,rule_pattern,time_rule,24,小时,True,True,True,True,,,全年按每日24小时划分为高峰、平段、低谷三段，各为8小时，其中高峰时段为11:00-14:00和18:00-23:00，平段为7:00-11:00和14:00-18:00，低谷为23:00-次日7:00。
49,40589565082dc74e8463d8e9c6ea201603035cfd7520a8ee3df916591204894b#clause_0002,02_电能替代与清洁取暖/01_政策文本/《关于进一步推进电能替代的指导意见》.txt,technology_route,rule_pattern,rule_pattern,time_rule,1.9,%,True,True,True,True,,,"2016—2020年，
实现能源终端消费环节电能替代散烧煤、燃油消费总量约1.3亿吨标煤，带动电煤占煤炭消费比重提高约1.9%，带动电能占终端能源消费比重提高约1.5%，
促进电能占终端能源消费比重达到约27%。"
50,8ef9c7da6345158c1bdde2870ce06ba13dba085fbeb6e9018927491cf218225c#clause_0002,01_电价政策/01_分时电价/2023年4月24日 四川省发展和改革委员会关于调整我省分时电价机制的通知.txt,tou_pricing,rule_pattern,rule_pattern,time_rule,15:00-17:00,时段,True,True,True,True,,,夏季（7月、8月）和冬季（1月、12月）负荷高峰期的尖峰电价时段分别为15:00-17:00和19:00-21:00。对于大容量商业用户
51,a7f3f83cc719dbd58fa3cba1078d11a8511ace91597d326e11375e817e2d73f6#clause_0001,01_电价政策/02_阶梯与差别电价/2016年10月11日 广西壮族自治区物价局关于调整居民生活用电阶梯电价政策有关.txt,tiered_pricing,rule_pattern,rule_pattern,pricing_rule,2760,千瓦时,True,True,True,True,,,居民用户用电仍按月抄表、年度阶梯电量结算，年度分档如下：第一档为年用电量≤2760千瓦时（对应月均≤230千瓦时），维持现行电价；
52,17b169c01d0fd11691f3014066bc982e9d5aae3ef301b3d897d2a4b986dac45b#clause_0012,02_电能替代与清洁取暖/02_汇总拼接/电气化、电能替代txt文件_uni4.txt#chunk_5,subsidy,rule_pattern,rule_pattern,subsidy_rule,3000,元,True,True,True,True,,,居民燃气取暖设备费用每户补贴最高不超过3000元，市、县两级政府按1:1的比例分担。
53,643e29ea09bd03d627a82c72ebc4402207e81fb7b9a7b30dd3af1b538f662166#clause_0001,02_电能替代与清洁取暖/01_政策文本/洋浦港鼓励靠泊船舶使用岸电扶持暂行办法.txt,task_assessment,rule_pattern,rule_pattern,task_assessment,90,%,True,True,True,True,,,"2022年12月5日	洋浦港鼓励靠泊船舶使用岸电扶持暂行办法	
为促进港口绿色发展，鼓励和支持船舶受电设施安装，鼓励船舶靠港使用岸电，推进岸电使用率逐年提高，争取到2024年实现具备条件的靠港船舶岸电使用率达到90%目标，根据《港口和船舶岸电管理办法》"
54,18aede9bc4a893e4dc4dcc46a9c6800761d8d391b46ad5d676d183b8aebaa183#clause_0001,01_电价政策/02_阶梯与差别电价/2012年6月14日 重庆市物价局关于居民生活用电试行阶梯电价有关问题的通知.txt,tiered_pricing,rule_pattern,rule_pattern,pricing_rule,200,度,True,True,True,True,,,政策将居民用电量分为三档：第一档月用电量200度（含）以内，维持现行电价标准；第二档月用电量201—400度（含），每度电价上调0.05元；第三档月用电量401度（含）以上，每度电价上调0.30元。
55,a90ad1a3b708e8808bab56f3ff9155d788b100ae8fd28a759d636304a9fb6b03#clause_0001,01_电价政策/01_分时电价/2023年5月13日 重庆市发展和改革委员会关于建立居民分时电价机制的通知.txt,tou_pricing,rule_pattern_ext,rule_pattern,time_rule,0.10,元/千瓦时,True,True,True,True,,,高峰时段为11:00-17:00及20:00-22:00，电价上浮0.10元/千瓦时；
56,34ef8b2691ad1b1d5ddd475a1f467ac86b500ad3fac41c5eea70ea15cdd5aec7#clause_0000,02_电能替代与清洁取暖/02_汇总拼接/电气化、电能替代txt文件_uni1.txt#chunk_10,technology_route,rule_pattern,rule_pattern,time_rule,2015-06,,True,True,True,True,,,"<h2>file:《关于加快推广港口岸电系统意见的通知》.txt</h2>
2015-06-26 《关于加快推广港口岸电系统意见的通知》
2015年，在连云港、张家港等5个绿色低碳示范港口推广岸电系统应用试点，尽快形成示范成果，逐步向沿海沿江其他港口推广。"
57,ad8d0971d97051367bf7e78a6885dd89b83772d35f94aaff8c56c77398caa167#clause_0016,02_电能替代与清洁取暖/02_汇总拼接/电气化、电能替代txt文件_uni4.txt#chunk_38,subsidy,rule_pattern,rule_pattern,subsidy_rule,7000,元,True,True,True,True,,,按照相关建设技术标准，经验收合格后，按照不超过中标价格的标准进行补贴，最高补贴7000元/户，原则上补贴资金由中央、市、区
58,3991fbb237169347871b06ab54a5fa6484949f06838d537bedebcccd7d1380b8#clause_0000,02_电能替代与清洁取暖/02_汇总拼接/电气化、电能替代txt文件_uni4.txt#chunk_36,subsidy,rule_pattern,rule_pattern,subsidy_rule,2016-2018,,True,True,True,True,,,"<h2>file:《靠港船舶使用岸电2016-2018年度项目奖励资金申请指南》.txt</h2>
2017年1月24日    《靠港船舶使用岸电2016-2018年度项目奖励资金申请指南》"
59,4dbc5dc298ddc5a421c77eeb9d4cc3a043878bfe7679587beb2129550309dfcb#clause_0000,02_电能替代与清洁取暖/01_政策文本/《关于加快推进电能替代工作的实施意见》.txt,task_assessment,rule_pattern,rule_pattern,execution_rule,2016-05,,True,True,True,True,,,"2016-05-25 《关于加快推进电能替代工作的实施意见》
电能替代方式多样，涉及居民采暖、工业与农业生产、交通运输、电力供应与消费等众多领域，以分布式应用为主。"
60,fd34a0c79d6d5134b8ac84ff7a0bc89ce796c8c298e0c72af6f687a2f1d16760#clause_0000,02_电能替代与清洁取暖/02_汇总拼接/电气化、电能替代txt文件_uni4.txt#chunk_6,technology_route,rule_pattern,rule_pattern,time_rule,50,%,True,True,True,True,,,"<h2>file:《港口岸电布局方案》.txt</h2>
2016年12月29日  《港口岸电布局方案》
2020年底前，实现全国主要港口和船舶排放控制区内港口50%以上已建的集装箱、客滚、邮轮、3千吨级以上客运和5万吨级以上干散货专业化泊位具备向船舶供应岸电的能力。"
61,a841fd40884f65693f42fff950340f5c6e1dbdd734f6cb20bc5e15c9bbf474ec#clause_0000,02_电能替代与清洁取暖/01_政策文本/《关于示范推进国际航线集装箱船舶和邮轮靠港使用岸电.txt,task_assessment,rule_pattern,rule_pattern,table_row_clause,2023-2025,,True,True,True,True,,,2023年9月1日	《关于示范推进国际航线集装箱船舶和邮轮靠港使用岸电行动方案（2023-2025年）》
62,3c1392fd897f1d095efaa1ae2a1eaa5c0c3df313cd5a9a185aacffe05575b886#clause_0007,02_电能替代与清洁取暖/02_汇总拼接/电气化、电能替代txt文件_uni2.txt#chunk_28,tou_pricing,rule_pattern,rule_pattern,subsidy_rule,0.3,元/度,True,True,True,True,,,在每年采暖季（本年度11月1日—下年度3月31日）低谷电价时段（晚20:00至次日早8:00），在享受低谷段优惠电价0.3元/度的基础上，由市、区两级财政各补贴0.1元/度，每户用电补贴最高1万度。2.户内线路改造资金。
63,6c3f38914bf7d624cb58e0b3fc02c0ffc21ee712e07549dd930cb57858df5ee7#clause_0000,02_电能替代与清洁取暖/02_汇总拼接/电气化、电能替代txt文件_uni2.txt#chunk_23,task_assessment,rule_pattern,rule_pattern,task_assessment,13838,户,True,True,True,True,,,"<h2>file:《关于印发河津市2024年冬季清洁取暖工作实施方案》.txt</h2>
2024年5月23日	关于印发河津市2024年冬季清洁取暖工作实施方案的通知	　2024年11月15日前，全市完成冬季清洁取暖改造“煤改电”13838户任务，具体数据以验收为准。"
64,231f1eeb573e2b351f92117ef696b8d2077cec456aacd516232f031d673da137#clause_0001,01_电价政策/02_阶梯与差别电价/2012年6月15日 江苏省物价局关于试行居民生活用电阶梯式电价的通知.txt,tiered_pricing,rule_pattern,rule_pattern,time_rule,230,度,True,True,True,True,,,居民月用电量分为三个档次，第一档为230度及以内不加价，第二档为231度至400度每度加价0.05元，第三档为超过400度部分每度加价0.3元。
65,6f9e11a2d7c04d1e2e70825dcb404052e1219052d6c99430f5f25ebd988c1a72#clause_0001,01_电价政策/02_阶梯与差别电价/2012年5月 湖北省物价局关于实施居民阶梯电价试行方案的通知.txt,tiered_pricing,rule_pattern,rule_pattern,pricing_rule,180,千瓦时,True,True,True,True,,,本次阶梯电价政策按照用电量分为三档：第一档（0-180千瓦时）保持基础电价不变；
66,35494b2891eca954cc390eadf9bdb3d3acb0986a0de5a797f2f818b613c14495#clause_0000,02_电能替代与清洁取暖/02_汇总拼接/电气化、电能替代txt文件_uni4.txt#chunk_13,task_assessment,rule_pattern,rule_pattern,execution_rule,2016-05,,True,True,True,True,,,"<h2>file:《关于加快推进电能替代工作的实施意见》.txt</h2>
2016-05-25 《关于加快推进电能替代工作的实施意见》
电能替代方式多样，涉及居民采暖、工业与农业生产、交通运输、电力供应与消费等众多领域，以分布式应用为主。"
67,0463f8ab2dc0e54e2fd506618b80ede13670db6650cb659109835a35687dc141#clause_0002,02_电能替代与清洁取暖/02_汇总拼接/电气化、电能替代txt文件_uni2.txt#chunk_3,subsidy,rule_pattern,rule_pattern,subsidy_rule,4600,元,True,True,True,True,,,（含表后线路改造）费用，实行一次补贴，按照4600元/户的标准补贴至用户，市、县（市、区）按照2：3比例分担，不足部分由用户承担。
68,ad67c3fdaa5a26925e5e3474443bab3a8b1737e94937ccbe115cabd74e2fc9a0#clause_0000,01_电价政策/02_阶梯与差别电价/2012年6月15日 北京市发展和改革委员会关于北京市居民生活用电试行阶梯电价的.txt,tiered_pricing,rule_pattern,rule_pattern,time_rule,240,千瓦时,True,True,True,True,,,"2012年6月15日 北京市发展和改革委员会关于北京市居民生活用电试行阶梯电价的通知
2012年7月1日起，北京市对“一户一表”居民用户试行阶梯电价制度，电量分档及电价标准分为三档：第一档为不超过240千瓦时/月，维持现价；"
69,83348a380b3b3d6a053a6b89707affb993adc6db4dd70aed9d2fc76779e202b5#clause_0002,02_电能替代与清洁取暖/01_政策文本/《2024-2025年咸阳市采暖季清洁取暖运行.txt,subsidy,rule_pattern,rule_pattern,subsidy_rule,240,元,True,True,True,True,,,"中央和省级财政承担240元/户/采暖季，市级财政承担180元/户/采暖季，
各县市区财政承担不低于180元/户/采暖季，也可结合各自财力情况和运行情况适度提高补贴标准。"
70,cc7addf8ff4efe3409afac8915cc6b8df3283617d08af2da6658e58933736301#clause_0001,01_电价政策/01_分时电价/2022年12月16日 上海市发展和改革委员会关于进一步完善我市分时电价机制有关.txt,tou_pricing,rule_pattern,rule_pattern,time_rule,8:00-15:00,时段,True,True,True,True,,,调整后的峰谷时段划分为高峰（夏季8:00-15:00、18:00-21:00；
71,6618b31ad2d2553801e75f1d42256338782cda332eb141a7fea6466fee1dccfd#clause_0000,02_电能替代与清洁取暖/01_政策文本/《关中地区铁腕治霾专项行动奖补办法》.txt,subsidy,rule_pattern,rule_pattern,subsidy_rule,2017-06,,True,True,True,True,,,"《关中地区铁腕治霾专项行动奖补办法》2017-06-01 
按照“治理为主，激励为辅;简便易行，公开透明;标准统一，分级负担”的原则，由省、市、区县(开发区)按比例分级负担补助资金，对铁腕治霾治理项目，采取“以奖代补”和“直接补助”相结合的形式给予适当补助;奖补工作坚持公开、公正、透明，接受群众和社会监督，多措并举，注重实效，促进铁腕治霾工作顺利实施。
(一)燃煤锅炉拆改。"
72,8e6fda04dc4cc2a5dabc23280052ecf857f10f0630620fa83d268a2bad0818f2#clause_0003,01_电价政策/01_分时电价/2023年8月30日 新疆维吾尔自治区发展改革委关于进一步完善分时电价有关事宜的.txt,tou_pricing,rule_pattern,rule_pattern,time_rule,100,%,True,True,True,True,,,尖峰时段保持不变，1月、11月、12月的19:00-21:00以及7月的21:00-23:00为尖峰时段，电价上浮100%。
73,fd34a0c79d6d5134b8ac84ff7a0bc89ce796c8c298e0c72af6f687a2f1d16760#clause_0002,02_电能替代与清洁取暖/02_汇总拼接/电气化、电能替代txt文件_uni4.txt#chunk_6,technology_route,rule_pattern,rule_pattern,other,100,%,True,True,True,True,,,同时，鼓励岸电需求较大、基础条件较好的港口争取实现100%的泊位岸电覆盖率。
74,46aeda327382be20c6e9193f467559190ede76fd4a1139b73f56b328478ca8ca#clause_0000,02_电能替代与清洁取暖/02_汇总拼接/电气化、电能替代txt文件_uni4.txt#chunk_25,task_assessment,rule_pattern,rule_pattern,task_assessment,13838,户,True,True,True,True,,,"<h2>file:《关于印发河津市2024年冬季清洁取暖工作实施方案》.txt</h2>
2024年5月23日	关于印发河津市2024年冬季清洁取暖工作实施方案的通知	　2024年11月15日前，全市完成冬季清洁取暖改造“煤改电”13838户任务，具体数据以验收为准。"
75,a63aaa1b99aae78cd58b5beb8c271e538c4b10b43ff4aff7312d6e081dd79eed#clause_0006,02_电能替代与清洁取暖/01_政策文本/《怀柔区2022年农村地区“减煤换煤”工程实方案》.txt,tou_pricing,rule_pattern,rule_pattern,subsidy_rule,0.3,元/度,True,True,True,True,,,"在每年采暖季（本年度11月1日—下年度3月31日）低谷电价时段（晚20:00至次日早8:00），在享受低谷段优惠电价0.3元/度的基础上，由市、区两级财政各补贴0.1元/度，每户用电补贴最高1万度。
2.户内线路改造资金。"
76,b226c20a65783d1f8db7b2363b213e14f1e34d6b8e5e8bdb96566bb70d6c687a#clause_0001,02_电能替代与清洁取暖/02_汇总拼接/电气化、电能替代txt文件_uni1.txt#chunk_36,subsidy,rule_pattern,rule_pattern,table_row_clause,10,万元,True,True,True,True,,,2024-09-11 	《永春县设施农业温室大棚政策》	起补面积：类温室大棚的起补面积分别为智能温室2亩、智能温控大棚一10亩、智能温控大棚二10亩、温室大棚一20亩、温室大棚二20亩、温室大棚三20亩。多棚型申报的合计起补面积以其中起补要求高的为准。基本补助标准：参照原六类省定温室大棚补助标准，叠加市级补贴后，即：智能温室每亩10万元、智能温控大棚一每亩5万元(其中未配备外遮阳系统的智能温控大棚一基本补助标准调整为每亩补助4万元)、智能温控大棚二每亩2万元、温室大棚一每亩1万元、温室大棚二每亩0.75万元、温室大棚三每亩0.5万元。
77,41eed2fc03a95dc30af898124e00962d37f00dd998abb5da87c6e10e209db169#clause_0009,02_电能替代与清洁取暖/02_汇总拼接/电气化、电能替代txt文件_uni4.txt#chunk_31,subsidy,rule_pattern,rule_pattern,subsidy_rule,1500,元,True,True,True,True,,,按照相关规范要求统一组织实施。区财政按照空气源热泵水暖机1500元/户，空气源热泵热风机、蓄能电暖气2000元/户的标准安排资金。3.设备购置补贴。空气源热泵水暖机、空气源热泵热风机、蓄能式电暖气属于补贴范围，按照以下标准给予补贴，其余部分住户自筹。（1）农村住户空气源热泵水暖机：按照现有房屋采暖建筑面积补贴200元/平方米，最高不超过24000元（市、区财政各补贴100元/平方米）。空气源热泵热风机：按照设备购置费用80%的标准给予补贴，最高不超过24000元。蓄能式电暖气：按照设备购置费用80%的标准给予补贴，最高不超过8000元（其中市财政补贴设备购置费用的三分之一，不足部分由区财政补贴）。对经区民政局认定的低保户、低收入家庭和区退役军人事务局确认的享受定期抚恤和生活补助的烈属个人承担的自筹电采暖设备购置费用由区财政再给予80%的补贴，对经区民政局认定的特困人员（五保户）给予100%
78,032a207733e9fa9167b432840d0ec24e7bd7e2e3d7a43e6faf5b0fc1f64b763e#clause_0002,01_电价政策/03_综合与其他/2021年10月20日 广东省发展改革委关于进一步深化我省电价改革有关问题的通知.txt,general_price_adjustment,rule_pattern_ext,rule_pattern,pricing_rule,20,%,True,True,True,True,,,明确燃煤发电电量全部进入市场，执行“基准价+上下浮动”机制（高耗能企业不受上浮20%限制），电力现货价格不设浮动幅度限制；
79,a735ca67be12d3b0a942b516c34fc3488730bd0b1628ccf60e57a2451aa63180#clause_0000,02_电能替代与清洁取暖/02_汇总拼接/电气化、电能替代txt文件_uni4.txt#chunk_54,subsidy,rule_pattern,rule_pattern,subsidy_rule,2023-2024,,True,True,True,True,,,"<h2>file:关于杨凌示范区2023-2024年度采暖季 清洁取暖有关补贴政策的通告.txt</h2>
2023-11-20 	关于杨凌示范区2023-2024年度采暖季 清洁取暖有关补贴政策的通告	
补贴范围及标准"
80,a841fd40884f65693f42fff950340f5c6e1dbdd734f6cb20bc5e15c9bbf474ec#clause_0005,02_电能替代与清洁取暖/01_政策文本/《关于示范推进国际航线集装箱船舶和邮轮靠港使用岸电.txt,technology_route,rule_pattern,rule_pattern,time_rule,90,％,True,True,True,True,,,到2025年底，国际枢纽海港相关集装箱港口企业停靠国际干线集装箱船舶的码头实现高压岸电设施90％覆盖。
